,Model,Accuracy,f1-score,Precision,Recall
0,Logistic Regression (without Tuning),0.9357484620642516,0.9320809248554912,0.9499263622974963,0.9148936170212766
1,Logistic Regression (with HP Tuning),0.9398496240601504,0.9367816091954022,0.9490538573508006,0.924822695035461
2,Gaussian Naive Bayes (without Tuning),0.9070403280929596,0.9029957203994293,0.9081779053084649,0.8978723404255319
3,Gaussian Naive Bayes (with HP Tuning),0.9179767600820232,0.9124087591240877,0.9398496240601504,0.8865248226950354
4,Decision Tree (without Tuning),0.9336978810663021,0.9323098394975576,0.9175824175824175,0.9475177304964539
5,Decision Tree (with HP Tuning),1.0,1.0,1.0,1.0
6,Support Vector Machine (without Tuning),0.9856459330143541,0.9848812095032397,1.0,0.9702127659574468
7,Support Vector Machine (with HP Tuning),1.0,1.0,1.0,1.0
